participant_id,cluster
BA1,0
BA2,0
BA3,0
BA4,1
BA5,0
BA6,1
BA7,0
BA8,0
BA9,0
BA11,0
BA12,0
BA13,0
BA14,0
BA15,0
BA16,0
BA17,0
BA18,0
BA19,0
BA20,0
BA21,0
BA22,0
BA23,0
BA24,0
BA25,1
BA26,0
BA27,0
BA28,1
BA29,0
BA30,0
BA31,0
BA32,0
BA33,1
BA34,1
BA35,0
BA36,1
BA37,1
BA38,0
BA39,1
BA42,0
BA43,0
BA44,1
BA45,0
BA46,0
BA47,0
BA48,1
BA49,0
BA50,0
BA51,0
BA52,0
BA53,1
BA56,0
BA57,0
BA58,1
BA59,0
BA60,0
BA61,0
BA62,0
BA63,0
BA64,0
BA65,0
BA66,1
BA68,0
BA69,0
BA70,0
BA71,1
BA72,0
BA73,1
BA74,1
BA75,1
BA76,1
BA77,0
BA78,1
BA79,1
BA80,0
BA81,0
BA82,0
BA83,0
BA84,0
BA85,0
BA86,0
BA87,1
BA89,0
BA90,1
BA91,0
BA92,1
BA93,0
