k,mean_recon_error,std_recon_error,min_recon_error,stability_mean,stability_std
2,26.72120236534488,6.894921781674743e-07,26.721200675908232,0.99999578880177,4.380159666957489e-06
3,25.156019719178424,0.0004214446146602127,25.155717836601045,0.999025548852667,0.0012051200549767981
4,23.867110724193605,6.863110879422508e-05,23.867058962241895,0.999804251637687,0.00021038857973762
5,22.78746572675467,0.006867267032146176,22.78521369058075,0.9865383927292699,0.016750251910881538
6,21.80917811605691,0.019657491986193577,21.799138800597174,0.9675563083065626,0.04664515846997894
7,20.967947052599232,0.038322759736161956,20.944246103929945,0.9439758579885258,0.05853205274412896
8,20.207796188596344,0.02172322976383401,20.17512882865632,0.913262707662949,0.045450003375305026
9,19.504986654572694,0.025519420769044853,19.468358424491843,0.8859537728220626,0.04658037040046814
10,18.80219818816279,0.026862999810738787,18.758306508407596,0.9048353486664623,0.044368015109412025
11,18.147427704531697,0.03295962889037925,18.104278121940304,0.899566507225978,0.0467558941355901
12,17.53425257810623,0.03199218085518156,17.49215036445641,0.8936323640939783,0.04294470641535727
13,16.939376262186777,0.029977392385276726,16.899481305043512,0.8843370564302547,0.037989808701846456
14,16.342149057613415,0.03827206591919525,16.297507280473152,0.90110445269275,0.038402297099992946
15,15.830179768255665,0.02985282184983962,15.791187461486182,0.89446028903055,0.03797491537356051
