participant_id,comp_1,comp_2,comp_3,comp_4,comp_5
BA1,0.008315135615970339,0.4801734394249334,0.76600180071459,0.0,0.1592606796336972
BA2,0.2176180533000434,0.3389308400505522,0.1201852287578502,0.014785655197601633,0.21746370194247938
BA3,0.3336081124294973,0.517888025650789,0.06740379213008271,0.37613331370259545,0.2595791557425279
BA4,0.0,0.21949692012752486,0.2933579598741885,0.3051144641688613,0.603291819699817
BA5,0.23246524482190217,0.31351149076447987,0.0,0.0,0.0
BA6,0.4052743623059842,1.1065944094982028,0.7793450630221614,0.3726758272780897,0.5639912358638501
BA7,0.0,0.2998401645090001,0.0,0.07530815607849475,0.0
BA8,0.1090250910355493,0.14726367013868763,0.017909753925425122,0.3372400342278444,0.0489362366780885
BA9,0.6728412852767862,0.20912608592496565,0.12309070473711425,0.2351965043937824,0.4169107590928932
BA11,0.3566694891174357,0.42129152883401966,0.1542639931714681,0.2722774783342385,0.35882391248631557
BA12,0.4969684191980317,0.43014642679249954,0.19761939156294278,0.25684289954878897,0.1344170085531804
BA13,0.47758611401428935,0.15137598253532664,0.2448294032119333,0.0,0.0
BA14,0.16784783134166098,0.0,0.5829315197000676,0.26140055006688906,0.2043920494797513
BA15,0.09525265498869416,0.14160989668919963,0.32557858717294735,0.011677097575326756,0.08325442954313444
BA16,0.5503157145716413,0.7697335546508668,0.045214170156679986,0.05943093686125575,0.0
BA17,0.7825985370444456,0.0866610350587166,0.14960777893868252,0.3123892233463211,0.382767781418548
BA18,0.8604518349045281,0.6383134337177696,0.0,0.13302030489339428,0.02762418127313538
BA19,0.17873046998874956,0.2113112075897936,0.20558081693279018,0.46839970164850714,0.053879276714261896
BA20,0.5297192589741636,0.08307710352372495,0.501157345398328,0.19000958073282337,0.12055083236310711
BA21,0.279678361019726,0.25878387370168865,0.20811851965924905,0.04118070054676731,0.15379601228619266
BA22,0.6596078218649639,0.05952664279250819,0.21811428271913935,0.1882989140045372,0.22183889954183558
BA23,0.40442964824446254,0.5295505942307088,0.0,0.19856444088591105,0.48620981290270787
BA24,0.0,0.47832609425928746,0.061180721153793846,0.0,0.0
BA25,0.5282569573267133,0.5262984866678521,0.44714840016888424,0.5790469097681203,0.3877697675677084
BA26,0.19242875797769063,0.4560860063435219,0.09194201857371936,0.49658875136502884,0.07948226706979769
BA27,0.12015330338189655,0.0,0.07958369001217566,0.25085910744738593,0.5134166594750269
BA28,0.0,0.8471633975459785,0.8554667335412607,0.37838883433409515,0.5905330656124737
BA29,0.7211963296015075,0.9152886860823221,0.29145711461143936,0.0,0.014224933027508227
BA30,0.7177146136911808,0.5194597066128583,0.297768604722041,0.15931515054332732,0.0
BA31,0.48217052748040273,0.37555927388072136,0.0,0.34182006238427665,0.6058265174142348
BA32,1.773028782774995,0.11971668222414218,0.5801433425476944,0.07428508312069723,0.08352007429134775
BA33,0.0,0.8900623507769145,0.2325343998189999,0.7890939877179788,0.20812703197148494
BA34,0.0,0.8928603622179339,0.7841196958757827,1.1616087322952846,0.01242798439202466
BA35,0.6235651973946537,0.4741648307557149,0.06727707140830054,0.021648291747887245,0.02856906666647903
BA36,0.22527389385821264,1.028294518144242,0.22219359284971757,0.0,0.6379037031414537
BA37,0.5819639879327383,0.5191586947373124,0.6286820336591972,0.7459070847642453,0.06320959846690707
BA38,1.4617861786467143,0.19896996463968597,0.04891563334304848,0.37964106045044665,0.03165573427091045
BA39,0.6335730197808063,0.29569974240573904,0.3441130613182552,0.809024661111199,0.0
BA42,0.10646727383982375,0.15101368842583185,0.358899610963273,0.051326086858214735,0.022642577582770374
BA43,0.2448323432365485,0.5214936580450341,0.11290487175490786,0.27249928350198077,0.14499837778827773
BA44,0.7781513586302066,1.0615931704130235,0.0,0.46545785285308183,0.10394204595863783
BA45,0.23662749805146616,0.532719709789741,0.05219334763405362,0.18802734937023993,0.011812600273191188
BA46,0.5291215454711096,0.6916412306895416,0.3660787288742209,0.38688817431829964,0.04613599963563043
BA47,0.0,0.5422077854239491,0.0,0.3827307179747553,0.16543416804889186
BA48,0.5919277821504129,0.2735020627930541,0.4831509124297639,0.9657451132765622,0.6112948648231303
BA49,0.47959050809744724,0.0,0.2773841223207901,0.44203687462560376,0.16613783503799148
BA50,0.18921725040382423,0.23656045891313252,0.37112260006796827,0.10608295433942681,0.15161603690031944
BA51,0.5258360619645582,0.21787024581297146,0.0,0.17377966701219405,0.0
BA52,0.20347030763547644,0.42720005824956825,0.4407778276973062,0.13356138343081464,0.5347786586464268
BA53,0.0,0.2654257260277378,0.2573304492902036,0.8938461716785889,0.9216145472944329
BA56,1.1133354353033538,0.6159198680415993,0.19247725683255182,0.1773910445857826,0.0
BA57,0.5193338337136786,0.21907335658726435,0.33855527563257215,0.14262435067815873,0.6540150263144884
BA58,0.0,0.48313269773637657,0.0,0.48901372683142863,0.3435227216222483
BA59,0.43562643407666185,0.44963417631621383,0.0,0.09839461749049094,0.20468028986590076
BA60,0.33023800693102917,0.5483343015812009,0.02653111913339485,0.2627218522796237,0.061337136792047504
BA61,0.24253484597230207,0.0,0.02628520278218843,0.11637496188034281,0.03423477220856454
BA62,0.4778217486940386,0.05978491930814739,0.4460991584156065,0.09753125194254027,0.3034708725660173
BA63,0.760383849733866,0.18399010505763158,0.1930336739539634,0.22486190336284959,0.32377411998432193
BA64,0.6705727583906217,0.5151916182789921,0.04141292264133034,0.0,0.22547096948604686
BA65,0.0,0.038709043961613586,0.11296834092784659,0.17822797565422016,0.10029969370643683
BA66,0.06988020808674524,1.109919291049289,0.36043702801095384,0.8523329209069802,0.0
BA68,0.16812000701911578,0.19920107940454415,0.046526274507984855,0.3910365211691663,0.16141070966448323
BA69,0.6904533224922019,0.24297987206903235,0.0637959351150496,0.0,0.2530394711491923
BA70,0.42375562384699456,0.47163416597705315,0.25946219408656945,0.0,0.1180897651600663
BA71,0.0,0.11197863287145077,0.15963899065152787,0.8356619458994955,0.9841354820926381
BA72,0.15490270494074912,0.3339306094240144,0.23920904649249802,0.061058997410241254,0.06454810726494928
BA73,0.03604791612751662,0.24324126859813824,0.14632371841075487,0.7686830130284408,0.23778508124709538
BA74,0.15809255147689927,0.3559198292226027,0.060465361100230354,0.5540565832334451,0.32687575661756635
BA75,0.20704577949528313,0.25126250741975104,0.09216297895588416,0.6377670575148596,0.5883600637542933
BA76,0.26516401597552125,0.397198636201242,0.12915453106595534,0.6398291409872243,0.1351754686463811
BA77,0.3170370671437304,0.28729146840203484,0.3991461974197132,0.19972936884956186,0.3931722810007167
BA78,0.03215838024252217,0.6820118301603626,0.6523097769594172,0.5460216973370392,0.7244984868950095
BA79,0.43124787552279725,0.6432307597945814,0.3818349794010793,0.9646677513895769,0.14657339270632155
BA80,0.8152737363498974,0.14340700164644465,0.14736366112464486,0.507214448002745,0.0012821976709160572
BA81,0.1638012620044514,0.7955103259481612,0.42755004598212126,0.0,0.018905019280665594
BA82,0.23486556958824475,0.12212079864600922,0.3316557674714621,0.08485754424875856,0.2404526433679015
BA83,1.044641307156668,0.0,0.40710712368484164,0.23247905209060948,0.2788788202789656
BA84,0.5475317348577275,0.3957518685507598,0.2788254812793825,0.19357776244641753,0.021544114461788305
BA85,0.35007040430525427,0.292699426906838,0.09937278620262095,0.4042435872385942,0.23805668489158463
BA86,0.4161202618689083,0.0,0.18426451311039163,0.25440641977066397,0.1302072837155103
BA87,0.49784285466219275,0.0,0.5078219958956584,1.044979196820929,0.8586710497432584
BA89,0.16665783478162957,0.09575560679700215,0.0,0.07346820879266631,0.6688545692155039
BA90,0.6225476201461506,1.1060198653429467,0.8850435638598283,0.13915034885433997,0.19859056546688583
BA91,0.3742314817921822,0.41688249749238515,0.1616448518759229,0.5942613359318651,0.0
BA92,0.6542676947476521,0.4937477482376803,0.2272615491658719,0.7380381559333897,0.8675503075570515
BA93,0.016663791083002498,0.301003372030854,0.6344662445391882,0.17887274422523208,0.038839003781457514
