variable,type,n,observed_stat,null_mean,null_95pct,p_perm,note,p_fdr,significant_fdr
Gender,binary,86,0.27416000724141243,0.044110265740076024,0.09667598042125736,0.0001999600079984003,,0.0033993201359728054,True
From City,binary,86,0.330792825299161,0.29663167626111075,0.3479969997082574,0.1281743651269746,,0.6985602879424114,False
Medication Usage,binary,86,0.21754577043138335,0.13555756710610295,0.2904350535286959,0.15276944611077783,,0.6985602879424114,False
Education,multi,86,0.10352058028982514,0.07714981837896119,0.12810621279667014,0.16436712657468505,,0.6985602879424114,False
PlayingAnInstrument,binary,86,0.06083396232434868,0.0539972947421046,0.11885778852323577,0.34253149370125974,,0.8509631407051923,False
Residential Area (Urban/Rural),binary,86,0.08809406720682589,0.08124759807993158,0.17870344441483166,0.36732653469306137,,0.8509631407051923,False
UsedToDoSport,binary,86,0.054026533062673576,0.05346476566457234,0.1177465741639685,0.40691861627674464,,0.8509631407051923,False
Field of Study,multi,85,0.28420138424687624,0.28041396594867357,0.317886619555383,0.4305138972205559,,0.8509631407051923,False
Average Sleep Hours per Night,continuous,86,0.05739320173657492,0.0594751283918725,0.12678004075219257,0.4505098980203959,,0.8509631407051923,False
Single/NotSingle,binary,86,0.04265354141803679,0.05562211176975587,0.1228371240686746,0.5746850629874025,,0.8784409784709724,False
# of LanguagesSpeak,continuous,86,0.044708627751389174,0.05772876595275861,0.12331762835574982,0.5770845830833833,,0.8784409784709724,False
Age,continuous,86,0.04196441815648744,0.05877742548051289,0.12762515960245366,0.6200759848030394,,0.8784409784709724,False
"Alchocol (0,1,2,3)",continuous,86,0.033045383379676774,0.05859385912616753,0.12573026679603183,0.7380523895220956,,0.9197589053617847,False
Occupation,multi,86,0.23318141260518654,0.2497993471660875,0.2894484154998799,0.7574485102979404,,0.9197589053617847,False
NowDoingSports_aWeek,continuous,86,0.026578077048934,0.05889300783266674,0.128040451269479,0.8198360327934413,,0.9291475038325668,False
History of Neurological Disorders,binary,86,0.03212023917498552,0.10727775446622341,0.23638420152716422,0.906618676264747,,0.9502099580083984,False
"Smoking (0,1,2,3)",continuous,86,0.014141652720726205,0.05964150215475335,0.12745889591712986,0.9502099580083984,,0.9502099580083984,False
