task,n,spearman_rho,p_raw
occipital4,86,0.8039468979771485,1.1793763249701812e-20
valdo3,86,0.746050031598656,1.68891346126995e-16
image_angry2,86,0.7429248093593734,2.6289604887260547e-16
frontal1_memorization,86,0.7294136521859189,1.6588150505175544e-15
imagine_way_home,86,0.723937431947901,3.3927540088057413e-15
image_sad,86,0.7212465306240474,4.792291387093397e-15
temporal_how_many_instruments3,85,0.7191436513104162,9.061071253646239e-15
frontal1_recall,86,0.7176020116380563,7.601898030572891e-15
image_angry,86,0.716412350000142,8.823755904931535e-15
valdo2,86,0.7148072509648609,1.0776286220937174e-14
image_happy_cute,85,0.7078700687762549,3.5848519181931124e-14
image_sad2,86,0.6961314516014137,1.0016118359807605e-13
temporal_how_many_instruments4,85,0.6946618324714505,1.6571488175439673e-13
temporal_how_many_instruments2,84,0.6923514600870472,2.9943023020261946e-13
parietal_next_in_seq2,86,0.6831301494156369,4.288949056525912e-13
prefrontal1,85,0.6829232352410165,6.040145961535369e-13
gyrus_right_closed_eyes,86,0.6796555820922049,6.247264655457728e-13
temporal_how_many_instruments1,82,0.6752160533701868,3.4681623481977877e-12
gyrus_left_closed_eyes,86,0.6704876340730404,1.6449932170927853e-12
parietal_next_in_seq,85,0.6655650896020328,3.676482340596887e-12
prefrontal2,85,0.665447738758276,3.7201329874776854e-12
frontal2_recall,86,0.6571747538392384,6.32326528731205e-12
frontal3_saying_outloud,86,0.6440507087860575,2.2359815026182833e-11
image_happiness,86,0.6432292757503548,2.4150323578607014e-11
gyrus_right_open,86,0.634429556333402,5.433575221633157e-11
valdo1,86,0.626479595229245,1.1059723743118788e-10
frontal2_memorization,86,0.6239114367727951,1.3854476915421824e-10
parietal_2d_3d,84,0.6067943855565351,9.461930796357571e-10
gyrus_left_open,86,0.5626627459382747,1.7162846210860624e-08
instructions_listening,86,0.5619262887338515,1.808058220754376e-08
baseline_talk,86,0.5346207216160107,1.1443873164325006e-07
gyrus_coord,86,0.5216383029482959,2.602411297538624e-07
gyrus_coord2,86,0.5147363770965871,3.972789601488199e-07
prefrontal3_reading,86,0.5058233565712615,6.767590627740973e-07
frontal3_recall,86,0.5040483058734212,7.511503401736324e-07
saying_words_based_on_cat2,86,0.49543742163708976,1.23554411993615e-06
saying_words_based_on_cat,86,0.48265327990902723,2.523851461421396e-06
